Patient_ID,Weight (Kg),Height (cm),BMI
1,50,170,17.30103806
2,55,160,21.484375
3,60,159,23.7332384
4,65,158,26.03749399
5,70,174,23.1206236
6,75,165,27.54820937
7,80,190,22.16066482
8,85,196,22.12619742
9,90,175,29.3877551
10,95,180,29.32098765